City_ID,City,Country,Date,Lat,Lng,Humidity,Cloudiness,Wind Speed,Max Temp
0,Jamestown,US,2021-05-29 00:42:16,42.097,-79.2353,97,90,5.99,44.1
1,Camacha,PT,2021-05-29 00:42:16,33.0833,-16.3333,72,20,6.91,63.54
2,Kavieng,PG,2021-05-29 00:42:16,-2.5744,150.7967,70,39,10.4,85.05
3,Atuona,PF,2021-05-29 00:42:17,-9.8,-139.0333,73,10,14.25,78.96
4,College,US,2021-05-29 00:37:51,64.8569,-147.8028,41,75,1.01,48.18
5,Rikitea,PF,2021-05-29 00:42:17,-23.1203,-134.9692,74,60,20.83,76.57
6,Ambulu,ID,2021-05-29 00:42:18,-8.345,113.6058,80,97,1.41,79.81
7,La Sarre,CA,2021-05-29 00:42:18,48.8002,-79.1996,46,0,7.52,41.2
8,Butaritari,KI,2021-05-29 00:42:18,3.0707,172.7902,80,100,15.61,82.49
9,Sovetskiy,RU,2021-05-29 00:42:19,61.3614,63.5842,78,100,7.45,50.76
10,Saint George,US,2021-05-29 00:39:15,37.1041,-113.5841,7,1,11.5,93.99
11,Saskylakh,RU,2021-05-29 00:42:19,71.9167,114.0833,60,83,12.41,41.43
12,Elizabeth City,US,2021-05-29 00:42:19,36.2946,-76.2511,65,75,1.99,87.85
13,Cape Town,ZA,2021-05-29 00:42:20,-33.9258,18.4232,95,75,1.01,59.41
14,Mahebourg,MU,2021-05-29 00:41:06,-20.4081,57.7,94,75,3.44,74.25
15,Ushuaia,AR,2021-05-29 00:42:20,-54.8,-68.3,100,90,23.02,29.86
16,Hilo,US,2021-05-29 00:38:35,19.7297,-155.09,65,75,9.22,85.28
17,New Norfolk,AU,2021-05-29 00:42:20,-42.7826,147.0587,59,9,1.86,48.92
18,Hermanus,ZA,2021-05-29 00:42:21,-34.4187,19.2345,86,31,13.29,57.9
19,Longyearbyen,SJ,2021-05-29 00:41:31,78.2186,15.6401,59,20,16.11,31.84
20,East London,ZA,2021-05-29 00:42:21,-33.0153,27.9116,64,5,13.0,62.33
21,Kapaa,US,2021-05-29 00:42:21,22.0752,-159.319,69,20,1.99,82.72
22,Hudson Bay,CA,2021-05-29 00:42:21,52.85,-102.3842,56,100,13.51,63.32
23,Tuktoyaktuk,CA,2021-05-29 00:42:22,69.4541,-133.0374,74,90,10.36,30.2
24,Castro,BR,2021-05-29 00:42:22,-24.7911,-50.0119,64,33,15.46,69.85
25,Tuy Hoa,VN,2021-05-29 00:42:22,13.0833,109.3,68,33,4.65,86.07
26,Puerto Ayora,EC,2021-05-29 00:42:23,-0.7393,-90.3518,93,51,4.0,74.55
27,Kruisfontein,ZA,2021-05-29 00:42:23,-34.0033,24.7314,72,7,18.52,57.88
28,Nenjiang,CN,2021-05-29 00:42:23,49.1833,125.2167,70,100,7.87,55.72
29,Sorong,ID,2021-05-29 00:42:24,-0.8833,131.25,84,11,11.12,81.37
30,Cochabamba,BO,2021-05-29 00:42:24,-17.3895,-66.1568,36,40,9.22,64.15
31,Kavali,IN,2021-05-29 00:42:24,14.9167,79.9833,54,13,13.33,88.97
32,Airai,TL,2021-05-29 00:42:25,-8.9266,125.4092,71,91,3.91,66.31
33,Engels,RU,2021-05-29 00:40:47,51.5,46.1167,62,100,8.59,57.25
34,Ust-Omchug,RU,2021-05-29 00:42:25,61.15,149.6333,99,100,6.58,36.07
35,Mataura,NZ,2021-05-29 00:42:25,-46.1927,168.8643,95,100,3.94,49.48
36,Qaanaaq,GL,2021-05-29 00:42:26,77.484,-69.3632,81,98,6.22,39.78
37,Mamlyutka,KZ,2021-05-29 00:42:26,54.9375,68.5394,57,87,7.81,58.51
38,Lasa,IT,2021-05-29 00:38:12,46.6166,10.7002,61,0,5.75,52.0
39,Nagua,DO,2021-05-29 00:42:26,19.3832,-69.8474,78,40,7.25,80.65
40,Nikolskoye,RU,2021-05-29 00:42:27,59.7035,30.7861,94,100,2.95,49.39
41,Uwajima,JP,2021-05-29 00:42:27,33.2238,132.56,60,100,12.73,69.76
42,Sitka,US,2021-05-29 00:42:27,57.0531,-135.33,76,90,11.5,48.09
43,Gravdal,NO,2021-05-29 00:42:27,68.1214,13.5031,73,19,0.74,42.46
44,Tuscaloosa,US,2021-05-29 00:40:59,33.2098,-87.5692,90,100,8.95,76.86
45,Bluff,NZ,2021-05-29 00:42:28,-46.6,168.3333,85,100,24.96,49.8
46,Seoul,KR,2021-05-29 00:42:28,37.5683,126.9778,63,40,7.4,65.8
47,Vaini,TO,2021-05-29 00:42:28,-21.2,-175.2,73,40,6.91,78.96
48,Porto Empedocle,IT,2021-05-29 00:42:29,37.2934,13.5264,69,100,2.64,66.9
49,Pevek,RU,2021-05-29 00:42:29,69.7008,170.3133,76,55,3.4,37.67
50,San Andres,CO,2021-05-29 00:38:26,12.5847,-81.7006,74,20,11.5,84.2
51,Fort Nelson,CA,2021-05-29 00:42:30,58.8053,-122.7002,21,75,3.44,67.59
52,Upington,ZA,2021-05-29 00:42:30,-28.4478,21.2561,61,0,2.3,46.78
53,Villanueva De La Serena,ES,2021-05-29 00:42:30,38.9766,-5.7974,54,0,2.68,69.84
54,La Paz,BO,2021-05-29 00:37:43,-16.5,-68.15,31,52,5.75,49.98
55,Koumac,NC,2021-05-29 00:42:31,-20.5667,164.2833,60,9,10.33,74.16
56,Grand Gaube,MU,2021-05-29 00:42:31,-20.0064,57.6608,78,95,3.0,74.37
57,Ujkigyos,HU,2021-05-29 00:42:31,46.5833,21.0333,78,74,3.71,51.91
58,Chuy,UY,2021-05-29 00:42:32,-33.6971,-53.4616,93,0,7.81,55.44
59,Punta Arenas,CL,2021-05-29 00:42:32,-53.15,-70.9167,69,20,21.83,35.71
60,Vardo,NO,2021-05-29 00:42:32,70.3705,31.1107,72,94,25.43,35.56
61,Hobart,AU,2021-05-29 00:42:33,-42.8794,147.3294,64,75,4.12,49.26
62,Loa Janan,ID,2021-05-29 00:42:33,-0.583,117.095,79,6,1.88,83.46
63,Yellowknife,CA,2021-05-29 00:42:33,62.456,-114.3525,38,40,3.0,59.56
64,Tam Ky,VN,2021-05-29 00:42:34,15.5667,108.4833,59,58,0.29,89.58
65,Port Macquarie,AU,2021-05-29 00:42:34,-31.4333,152.9167,71,68,17.11,61.9
66,Tasiilaq,GL,2021-05-29 00:42:34,65.6145,-37.6368,92,100,30.53,42.96
67,Khatanga,RU,2021-05-29 00:42:35,71.9667,102.5,71,89,13.78,43.81
68,Qaqortoq,GL,2021-05-29 00:42:35,60.7167,-46.0333,80,14,12.01,50.5
69,Severouralsk,RU,2021-05-29 00:42:35,60.1533,59.952,98,100,5.84,52.93
70,Lebu,CL,2021-05-29 00:40:11,-37.6167,-73.65,87,17,6.49,51.57
71,Mitu,CO,2021-05-29 00:42:36,1.1983,-70.1733,99,96,0.89,72.66
72,Barrow,US,2021-05-29 00:42:36,71.2906,-156.7887,86,90,5.75,30.22
73,Mosjoen,NO,2021-05-29 00:42:36,65.836,13.1908,81,75,1.14,44.6
74,Dawlatabad,AF,2021-05-29 00:42:37,36.4141,64.9053,21,0,5.53,80.02
75,Zlobin,HR,2021-05-29 00:42:37,45.2924,14.6541,71,0,5.91,47.5
76,Houma,US,2021-05-29 00:42:37,29.5958,-90.7195,50,1,8.05,84.2
77,Marsh Harbour,BS,2021-05-29 00:42:38,26.5412,-77.0636,75,1,9.64,77.27
78,Baykit,RU,2021-05-29 00:42:38,61.67,96.37,94,100,7.18,35.85
79,Dikson,RU,2021-05-29 00:42:38,73.5069,80.5464,89,95,4.32,22.14
80,Half Moon Bay,US,2021-05-29 00:42:03,37.4636,-122.4286,70,20,10.36,79.54
81,Tiksi,RU,2021-05-29 00:42:39,71.6872,128.8694,97,100,15.59,33.01
82,Geraldton,AU,2021-05-29 00:42:39,-28.7667,114.6,83,90,13.11,68.41
83,Christiana,ZA,2021-05-29 00:42:39,-27.914,25.1611,48,0,7.11,47.5
84,Cidreira,BR,2021-05-29 00:42:40,-30.1811,-50.2056,96,100,8.1,62.46
85,Ambon,ID,2021-05-29 00:42:40,-3.6954,128.1814,94,75,11.9,77.14
86,Vangaindrano,MG,2021-05-29 00:42:40,-23.35,47.6,93,6,5.28,64.8
87,Saint-Philippe,RE,2021-05-29 00:42:41,-21.3585,55.7679,78,19,2.62,69.39
88,Asyut,EG,2021-05-29 00:42:41,27.181,31.1837,30,0,12.66,78.98
89,Luena,AO,2021-05-29 00:42:41,-11.7833,19.9167,49,6,3.69,48.94
90,Bethel,US,2021-05-29 00:42:42,41.3712,-73.414,90,100,3.0,51.37
91,Atar,MR,2021-05-29 00:42:42,20.5169,-13.0499,21,78,7.58,90.25
92,Chokurdakh,RU,2021-05-29 00:42:42,70.6333,147.9167,33,43,16.17,55.56
93,La Palma,US,2021-05-29 00:42:43,33.8464,-118.0467,63,1,5.99,87.03
94,Kahului,US,2021-05-29 00:39:11,20.8947,-156.47,55,40,21.85,87.82
95,Aranos,NA,2021-05-29 00:42:43,-24.1333,19.1167,35,8,6.46,55.54
96,Kasongo-Lunda,CD,2021-05-29 00:39:04,-6.4667,16.8167,56,75,1.39,67.44
97,Harper,LR,2021-05-29 00:42:43,4.375,-7.7169,86,93,7.81,79.88
98,Griffith,US,2021-05-29 00:42:44,41.5284,-87.4237,92,90,7.0,47.39
99,Lamu,KE,2021-05-29 00:42:44,-2.2717,40.902,73,49,12.17,75.42
100,Arraial Do Cabo,BR,2021-05-29 00:42:44,-22.9661,-42.0278,89,55,27.02,73.63
101,Hasaki,JP,2021-05-29 00:39:20,35.7333,140.8333,73,100,20.0,73.8
102,Carnarvon,AU,2021-05-29 00:42:45,-24.8667,113.6333,100,90,3.44,69.87
103,Dargaville,NZ,2021-05-29 00:42:45,-35.9333,173.8833,77,36,12.68,58.53
104,Miramar,US,2021-05-29 00:42:45,25.9873,-80.2323,70,1,10.36,81.05
105,Alofi,NU,2021-05-29 00:42:45,-19.0595,-169.9187,78,56,6.91,80.49
106,Baghdad,IQ,2021-05-29 00:39:00,33.3406,44.4009,31,0,3.44,78.8
107,Severo-Kurilsk,RU,2021-05-29 00:42:46,50.6789,156.125,75,64,6.89,41.9
108,Talara,PE,2021-05-29 00:42:46,-4.5772,-81.2719,94,54,15.41,68.2
109,Finschhafen,PG,2021-05-29 00:42:46,-6.6024,147.8681,81,100,12.41,79.99
110,Malartic,CA,2021-05-29 00:38:46,48.1335,-78.1328,51,0,5.1,53.42
111,Alghero,IT,2021-05-29 00:41:21,40.5589,8.3181,100,20,2.3,57.29
112,Albany,US,2021-05-29 00:39:48,42.6001,-73.9662,91,100,5.91,46.35
113,Hwange,ZW,2021-05-29 00:42:47,-18.3693,26.5019,49,0,2.46,55.02
114,Sabha,LY,2021-05-29 00:42:47,27.0377,14.4283,13,14,10.85,88.52
115,Tumkur,IN,2021-05-29 00:42:47,13.3422,77.1017,85,64,5.57,70.84
116,Busselton,AU,2021-05-29 00:42:48,-33.65,115.3333,82,99,9.06,62.04
117,Ribeira Grande,PT,2021-05-29 00:42:48,38.5167,-28.7,72,24,3.69,62.19
118,Makakilo City,US,2021-05-29 00:42:48,21.3469,-158.0858,52,1,16.11,82.72
119,Vao,NC,2021-05-29 00:42:49,-22.6667,167.4833,67,0,22.28,71.74
120,Constantine,DZ,2021-05-29 00:39:08,36.365,6.6147,82,0,0.0,62.01
121,Aiquile,BO,2021-05-29 00:42:49,-18.2041,-65.1807,77,83,4.9,55.87
122,Ostrovnoy,RU,2021-05-29 00:42:49,68.0531,39.5131,74,95,17.52,35.53
123,Basna,IN,2021-05-29 00:42:50,21.2833,82.8167,55,0,1.43,84.96
124,Takoradi,GH,2021-05-29 00:42:50,4.8845,-1.7554,87,98,8.1,80.4
125,Rockland,US,2021-05-29 00:42:50,41.1668,-74.0496,93,100,1.01,51.82
126,San Carlos De Bariloche,AR,2021-05-29 00:42:43,-41.1456,-71.3082,52,75,9.89,38.95
127,Bintulu,MY,2021-05-29 00:42:51,3.1667,113.0333,89,20,3.44,79.21
128,Necochea,AR,2021-05-29 00:42:51,-38.5473,-58.7368,58,100,23.33,51.04
129,Kaitangata,NZ,2021-05-29 00:42:51,-46.2817,169.8464,78,100,9.86,53.92
130,Suntar,RU,2021-05-29 00:42:51,62.1444,117.6319,43,14,2.66,67.87
131,Dakoro,NE,2021-05-29 00:42:52,14.5106,6.765,9,100,2.37,80.06
132,Hithadhoo,MV,2021-05-29 00:42:52,-0.6,73.0833,74,100,15.73,82.69
133,Lagoa,PT,2021-05-29 00:42:52,39.05,-27.9833,75,52,8.14,61.59
134,Keskin,TR,2021-05-29 00:42:53,39.6731,33.6136,90,36,5.46,57.07
135,Toamasina,MG,2021-05-29 00:42:53,-18.1667,49.3833,94,20,2.3,64.4
136,Komsomolskiy,UZ,2021-05-29 00:42:53,40.4272,71.7189,40,1,9.22,70.52
137,Santos Dumont,BR,2021-05-29 00:42:53,-21.4567,-43.5525,97,21,5.1,54.86
138,Port Alfred,ZA,2021-05-29 00:42:54,-33.5906,26.891,67,1,24.67,63.19
139,Faya,SA,2021-05-29 00:42:54,18.3851,42.4509,48,1,0.98,66.31
140,Caravelas,BR,2021-05-29 00:42:54,-17.7125,-39.2481,87,85,6.13,73.78
141,Rochegda,RU,2021-05-29 00:42:55,62.8,43.25,96,100,2.93,39.33
142,Altay,CN,2021-05-29 00:42:55,47.8667,88.1167,40,0,3.56,62.92
143,Namatanai,PG,2021-05-29 00:42:55,-3.6667,152.4333,76,100,10.6,82.29
144,Salina,US,2021-05-29 00:42:12,38.8403,-97.6114,59,20,9.22,63.3
145,Biak,ID,2021-05-29 00:38:35,-0.9131,122.8766,74,29,7.65,81.32
146,Maamba,ZM,2021-05-29 00:42:56,-17.3667,27.15,55,0,3.53,54.52
147,Leningradskiy,RU,2021-05-29 00:42:56,69.3833,178.4167,87,8,12.57,33.22
148,Shelopugino,RU,2021-05-29 00:42:57,51.6514,117.5599,41,49,5.91,60.17
149,Selje,NO,2021-05-29 00:42:57,62.0459,5.351,83,6,7.87,51.66
150,Burnie,AU,2021-05-29 00:42:57,-41.0667,145.9167,52,0,1.28,52.92
151,Denpasar,ID,2021-05-29 00:42:58,-8.65,115.2167,94,75,6.15,80.26
152,Victoria,HK,2021-05-29 00:42:48,22.2855,114.1577,77,100,1.01,90.32
153,Boa Vista,BR,2021-05-29 00:38:09,2.8197,-60.6733,89,40,1.14,80.58
154,Ilulissat,GL,2021-05-29 00:42:58,69.2167,-51.1,46,16,4.61,48.22
155,Thompson,CA,2021-05-29 00:42:58,55.7435,-97.8558,31,75,14.97,59.16
156,Luganville,VU,2021-05-29 00:42:59,-15.5333,167.1667,63,50,6.2,77.45
157,Giyani,ZA,2021-05-29 00:42:59,-23.3025,30.7187,27,0,6.71,60.8
158,Olafsvik,IS,2021-05-29 00:42:59,64.8945,-23.7142,85,100,30.58,47.75
159,Bengkulu,ID,2021-05-29 00:42:06,-3.8004,102.2655,94,100,3.36,75.13
160,Mar Del Plata,AR,2021-05-29 00:39:08,-38.0023,-57.5575,82,40,10.36,54.0
161,San Cristobal,VE,2021-05-29 00:43:00,7.7669,-72.225,96,100,0.87,68.18
162,Hurricane,US,2021-05-29 00:43:00,37.1753,-113.2899,8,1,15.03,93.43
163,Zhigansk,RU,2021-05-29 00:43:00,66.7697,123.3711,60,0,17.05,50.85
164,Clyde River,CA,2021-05-29 00:41:21,70.4692,-68.5914,93,1,4.61,32.23
165,Gat,IL,2021-05-29 00:43:01,31.61,34.7642,100,0,3.58,70.39
166,Vestmannaeyjar,IS,2021-05-29 00:43:01,63.4427,-20.2734,90,99,43.51,47.3
167,Nemuro,JP,2021-05-29 00:43:01,43.3236,145.575,92,100,16.55,46.83
168,Kodiak,US,2021-05-29 00:43:02,57.79,-152.4072,76,90,11.5,49.51
169,Luderitz,NA,2021-05-29 00:43:02,-26.6481,15.1594,56,100,12.06,61.52
170,Katsuura,JP,2021-05-29 00:43:02,35.1333,140.3,82,100,21.79,73.51
171,Sisimiut,GL,2021-05-29 00:43:03,66.9395,-53.6735,78,15,8.55,39.49
172,Benjamin Constant,BR,2021-05-29 00:43:03,-4.3831,-70.0311,82,100,2.68,77.88
173,San Rafael,AR,2021-05-29 00:42:41,-34.6177,-68.3301,50,69,4.59,53.17
174,Avarua,CK,2021-05-29 00:43:03,-21.2078,-159.775,61,20,11.5,80.65
175,Bandarbeyla,SO,2021-05-29 00:43:04,9.4942,50.8122,81,87,19.95,79.27
176,Natal,BR,2021-05-29 00:41:59,-5.795,-35.2094,94,75,9.75,77.65
177,Port Hedland,AU,2021-05-29 00:43:04,-20.3167,118.5667,34,100,14.97,78.85
178,Ponta Do Sol,PT,2021-05-29 00:43:04,32.6667,-17.1,79,100,2.21,67.01
179,Mwanza,TZ,2021-05-29 00:43:05,-2.5167,32.9,77,100,5.23,68.86
180,Srandakan,ID,2021-05-29 00:42:13,-7.9386,110.2506,83,100,3.0,63.73
181,Kaspiyskiy,RU,2021-05-29 00:43:05,45.3929,47.3707,85,0,7.2,66.83
182,Pisco,PE,2021-05-29 00:43:06,-13.7,-76.2167,82,90,14.97,66.25
183,Xining,CN,2021-05-29 00:43:06,36.6167,101.7667,38,100,3.06,59.79
184,Altamira,BR,2021-05-29 00:43:06,-3.2033,-52.2064,94,99,2.73,73.11
185,Mandalgovi,MN,2021-05-29 00:43:06,45.7625,106.2708,50,97,8.79,55.27
186,Kousseri,CM,2021-05-29 00:43:07,12.0769,15.0306,43,91,3.44,89.56
187,Talas,TR,2021-05-29 00:43:07,38.6908,35.5538,87,0,2.24,50.67
188,Cerritos,US,2021-05-29 00:43:07,33.8583,-118.0648,64,1,5.99,87.01
189,Faanui,PF,2021-05-29 00:43:08,-16.4833,-151.75,70,16,3.02,80.35
190,Constitucion,CL,2021-05-29 00:39:22,-35.3333,-72.4167,78,5,5.41,52.34
191,Nishihara,JP,2021-05-29 00:43:08,26.1842,127.7558,92,75,7.25,81.68
192,Leh,IN,2021-05-29 00:43:08,34.1667,77.5833,32,0,2.1,47.1
193,Norman Wells,CA,2021-05-29 00:43:09,65.282,-126.8329,70,75,13.8,41.04
194,Meulaboh,ID,2021-05-29 00:43:09,4.1363,96.1285,87,100,5.3,77.13
195,Buala,SB,2021-05-29 00:43:09,-8.145,159.5921,85,100,7.49,80.26
196,Nava,MX,2021-05-29 00:43:09,28.4167,-100.7667,76,100,22.97,75.63
197,Maldonado,UY,2021-05-29 00:43:10,-34.6667,-54.9167,74,0,14.88,54.79
198,Akcakoca,TR,2021-05-29 00:43:10,41.0866,31.1162,94,100,6.82,59.25
199,Pyshchug,RU,2021-05-29 00:43:10,58.8873,45.7134,91,72,3.13,50.41
200,Port Lincoln,AU,2021-05-29 00:43:11,-34.7333,135.8667,66,4,13.51,58.95
201,Vostok,RU,2021-05-29 00:43:11,46.4856,135.8833,62,100,7.85,50.5
202,Carbondale,US,2021-05-29 00:43:11,37.7273,-89.2168,89,90,17.27,55.29
203,Samarai,PG,2021-05-29 00:43:11,-10.6167,150.6667,75,97,16.02,78.24
204,Mehamn,NO,2021-05-29 00:43:12,71.0357,27.8492,74,100,19.77,34.97
205,Jhol,PK,2021-05-29 00:43:12,25.9551,68.8882,71,42,16.6,82.47
206,Huarmey,PE,2021-05-29 00:43:12,-10.0681,-78.1522,90,7,8.43,66.78
207,Viedma,AR,2021-05-29 00:40:25,-40.8135,-62.9967,49,100,18.57,45.3
208,Dingle,PH,2021-05-29 00:43:13,10.9995,122.6711,70,44,2.64,86.22
209,Mount Darwin,ZW,2021-05-29 00:43:13,-16.7725,31.5838,60,0,3.09,49.41
210,Swift Current,CA,2021-05-29 00:43:13,50.2834,-107.8014,23,20,27.63,63.41
211,Changtu,CN,2021-05-29 00:43:14,42.7788,124.0955,50,46,1.41,64.85
212,Nhulunbuy,AU,2021-05-29 00:43:14,-12.2333,136.7667,65,40,14.97,83.01
213,Palekh,RU,2021-05-29 00:43:14,56.8028,41.8572,92,99,1.45,56.62
214,Camabatela,AO,2021-05-29 00:43:15,-8.1881,15.375,58,93,2.48,61.2
215,Erice,IT,2021-05-29 00:43:15,38.037,12.5865,74,100,3.58,60.37
216,Torbay,CA,2021-05-29 00:43:14,47.6666,-52.7314,71,20,17.27,43.39
217,La Romana,DO,2021-05-29 00:43:15,18.4273,-68.9728,100,40,0.0,80.33
218,Vila,PT,2021-05-29 00:43:16,42.0304,-8.1588,79,72,2.1,54.7
219,Muravlenko,RU,2021-05-29 00:43:16,63.7898,74.523,44,73,9.86,40.69
220,Bredasdorp,ZA,2021-05-29 00:43:16,-34.5322,20.0403,77,5,9.93,58.32
221,Muskegon,US,2021-05-29 00:40:40,43.3,-86.1334,45,75,12.75,53.94
222,Yulara,AU,2021-05-29 00:43:17,-25.2406,130.9889,58,0,14.97,53.44
223,Koslan,RU,2021-05-29 00:43:17,63.4564,48.8989,91,97,10.13,45.34
224,Souillac,MU,2021-05-29 00:43:17,-20.5167,57.5167,94,75,6.53,74.35
225,Okha,RU,2021-05-29 00:43:18,53.5739,142.9478,77,85,12.82,42.1
226,Methven,NZ,2021-05-29 00:43:18,-43.6333,171.65,99,100,9.19,43.47
227,Kijang,KR,2021-05-29 00:43:18,35.2442,129.2139,52,0,8.68,67.73
228,Berbera,SO,2021-05-29 00:43:18,10.4396,45.0143,52,100,4.18,89.06
229,Iskateley,RU,2021-05-29 00:43:19,67.6803,53.1512,96,100,12.91,38.17
230,Boa Esperanca,BR,2021-05-29 00:43:19,-21.09,-45.5658,67,95,5.32,67.41
231,Altamont,US,2021-05-29 00:43:19,42.2068,-121.7372,8,1,6.91,75.78
232,Moron,AR,2021-05-29 00:38:47,-34.6534,-58.6198,57,21,1.01,62.35
233,Emba,KZ,2021-05-29 00:43:20,48.8264,58.1442,31,100,12.95,70.74
234,Yumen,CN,2021-05-29 00:43:20,40.2833,97.2,23,5,6.08,72.18
235,Iasmos,GR,2021-05-29 00:43:20,41.1333,25.1833,76,13,4.09,65.28
236,Ferrol,ES,2021-05-29 00:43:21,43.4832,-8.2369,90,7,2.93,59.52
237,Isla Mujeres,MX,2021-05-29 00:43:21,21.2311,-86.731,78,4,9.01,82.17
238,Zelenets,RU,2021-05-29 00:43:21,61.8849,50.7489,93,17,7.38,52.05
239,Comodoro Rivadavia,AR,2021-05-29 00:41:14,-45.8667,-67.5,60,0,6.91,37.26
240,Caborca,MX,2021-05-29 00:43:22,30.5838,-111.101,6,5,13.4,90.48
241,North Platte,US,2021-05-29 00:43:22,41.1239,-100.7654,65,90,5.01,63.01
242,Kabanjahe,ID,2021-05-29 00:43:22,3.1001,98.4908,94,64,3.71,65.16
243,Lompoc,US,2021-05-29 00:38:41,34.6391,-120.4579,82,90,12.66,55.99
244,Shingu,JP,2021-05-29 00:43:22,33.7333,135.9833,60,100,3.94,72.59
245,Pitimbu,BR,2021-05-29 00:43:23,-7.4706,-34.8086,84,100,13.24,75.79
246,Gorontalo,ID,2021-05-29 00:43:23,0.5412,123.0595,68,15,3.69,86.16
247,Marawi,PH,2021-05-29 00:43:24,7.9986,124.2928,79,96,1.9,79.65
248,Laguna,US,2021-05-29 00:43:24,38.421,-121.4238,32,1,5.01,92.32
249,Dom Pedrito,BR,2021-05-29 00:43:24,-30.9828,-54.6731,98,100,3.06,60.91
250,Srednekolymsk,RU,2021-05-29 00:43:25,67.45,153.6833,31,55,17.63,57.15
251,Kanniyakumari,IN,2021-05-29 00:39:20,8.0833,77.5667,83,96,19.86,80.13
252,Puerto Escondido,MX,2021-05-29 00:43:25,15.85,-97.0667,70,100,4.59,84.69
253,Palmer,US,2021-05-29 00:43:25,42.1584,-72.3287,86,90,1.99,50.83
254,Libertad,PH,2021-05-29 00:43:25,8.9442,125.5019,71,100,2.35,85.44
255,Ouadda,CF,2021-05-29 00:43:26,8.0777,22.4007,90,89,4.09,68.58
256,Georgetown,MY,2021-05-29 00:42:34,5.4112,100.3354,87,20,1.99,81.9
257,Ulladulla,AU,2021-05-29 00:43:26,-35.35,150.4667,53,45,16.53,55.87
258,Antalaha,MG,2021-05-29 00:43:26,-14.9003,50.2788,87,20,6.31,69.39
259,Skjervoy,NO,2021-05-29 00:43:27,70.0311,20.9714,90,100,12.53,38.62
260,Aklavik,CA,2021-05-29 00:43:27,68.2191,-135.0107,60,100,15.86,32.83
261,Pangnirtung,CA,2021-05-29 00:43:27,66.1451,-65.7125,93,56,3.91,25.21
262,Blairmore,CA,2021-05-29 00:43:28,49.6,-114.4353,35,67,13.8,54.52
263,Udachnyy,RU,2021-05-29 00:43:28,66.4167,112.4,51,55,13.18,55.38
264,Portland,US,2021-05-29 00:38:52,45.5234,-122.6762,34,40,3.44,70.0
265,Sao Joao Da Barra,BR,2021-05-29 00:43:28,-21.6403,-41.0511,90,21,17.05,74.79
266,Port Augusta,AU,2021-05-29 00:43:29,-32.5,137.7667,47,96,7.11,56.71
267,Areia Branca,BR,2021-05-29 00:43:29,-4.9561,-37.1369,76,63,15.93,78.96
268,Pathein,MM,2021-05-29 00:43:30,16.7833,94.7333,83,100,4.45,81.54
269,Cestas,FR,2021-05-29 00:43:30,44.7435,-0.6791,72,0,2.3,64.33
270,Izhma,RU,2021-05-29 00:43:30,65.0083,53.9113,80,100,10.11,49.77
271,Tamworth,GB,2021-05-29 00:41:15,52.634,-1.6959,76,100,2.13,57.61
272,Quelimane,MZ,2021-05-29 00:43:31,-17.8786,36.8883,95,0,4.16,60.87
273,Celestun,MX,2021-05-29 00:43:31,20.8667,-90.4,75,3,16.37,81.28
274,Havre,FR,2021-05-29 00:43:31,49.5833,0.3333,82,0,6.76,55.58
275,Oistins,BB,2021-05-29 00:43:31,13.0667,-59.5333,65,40,16.11,78.89
276,Mareeba,AU,2021-05-29 00:43:32,-17.0,145.4333,58,5,4.99,73.49
277,Port Elizabeth,ZA,2021-05-29 00:43:32,-33.918,25.5701,67,0,17.27,62.89
278,Westerland,DE,2021-05-29 00:42:02,54.9079,8.3033,87,90,9.22,48.22
279,Perelyub,RU,2021-05-29 00:43:32,51.8667,50.3667,78,95,4.72,65.84
280,Shache,CN,2021-05-29 00:43:33,38.4167,77.2406,22,0,6.78,75.25
281,Knysna,ZA,2021-05-29 00:43:33,-34.0363,23.0471,86,29,8.08,59.38
282,Tallahassee,US,2021-05-29 00:43:33,30.4383,-84.2807,69,40,3.0,82.24
283,Kutum,SD,2021-05-29 00:43:33,14.2,24.6667,11,0,9.8,78.04
284,Maple Creek,CA,2021-05-29 00:42:16,49.9168,-109.4848,25,36,21.85,62.65
285,Mount Gambier,AU,2021-05-29 00:43:34,-37.8333,140.7667,76,40,6.91,49.91
286,Ugoofaaru,MV,2021-05-29 00:40:31,5.6667,73.0,73,10,20.47,83.17
287,Bilma,NE,2021-05-29 00:43:34,18.6853,12.9164,10,35,4.72,84.92
288,Homer,US,2021-05-29 00:43:35,59.6425,-151.5483,63,90,3.44,55.29
289,Varkaus,FI,2021-05-29 00:43:35,62.3153,27.873,80,3,6.62,42.91
290,Fairbanks,US,2021-05-29 00:43:35,64.8378,-147.7164,41,40,14.97,48.2
291,Esperance,AU,2021-05-29 00:43:35,-33.8667,121.9,53,97,16.17,60.64
292,Kabalo,CD,2021-05-29 00:43:36,-6.05,26.9167,58,68,4.59,67.14
293,Tuatapere,NZ,2021-05-29 00:43:36,-46.1333,167.6833,89,100,9.19,49.82
294,Wajir,KE,2021-05-29 00:43:36,1.7471,40.0573,68,100,13.15,75.34
295,Presidente Epitacio,BR,2021-05-29 00:43:37,-21.7633,-52.1156,55,99,6.26,75.99
296,Healesville,AU,2021-05-29 00:43:37,-37.65,145.5167,69,4,4.76,55.96
297,Haines Junction,CA,2021-05-29 00:43:37,60.7522,-137.5108,28,100,10.36,55.35
298,Bukachacha,RU,2021-05-29 00:43:37,52.9833,116.9167,32,97,2.37,64.53
299,Deputatskiy,RU,2021-05-29 00:43:38,69.3,139.9,38,10,21.74,48.83
300,Arica,CL,2021-05-29 00:39:32,-18.475,-70.3042,77,0,2.86,67.55
301,Matara,LK,2021-05-29 00:43:38,5.9485,80.5353,88,100,13.13,79.05
302,Hovd,MN,2021-05-29 00:43:38,48.0056,91.6419,32,0,3.09,57.61
303,Lahore,PK,2021-05-29 00:43:39,31.5497,74.3436,51,20,9.22,85.98
304,Praia,CV,2021-05-29 00:43:39,14.9215,-23.5087,78,40,14.97,72.14
305,Amaraji,BR,2021-05-29 00:40:44,-8.3831,-35.4525,93,88,6.46,74.05
306,Paka,MY,2021-05-29 00:43:39,4.6374,103.4368,94,20,5.1,78.73
307,Pergamino,AR,2021-05-29 00:43:40,-33.89,-60.5736,67,34,1.99,54.25
308,Beloha,MG,2021-05-29 00:43:40,-25.1667,45.05,85,0,3.22,62.4
309,Namibe,AO,2021-05-29 00:43:40,-15.1961,12.1522,61,0,1.86,73.62
310,Pleasant Point,NZ,2021-05-29 00:43:41,-44.2667,171.1333,97,100,12.35,47.28
311,Nizhniy Kuranakh,RU,2021-05-29 00:43:41,58.8353,125.4869,51,46,1.07,61.27
312,Baiyin,CN,2021-05-29 00:43:41,36.5583,104.2081,29,96,10.67,63.48
313,Cartagena,CO,2021-05-29 00:43:41,10.3997,-75.5144,83,40,13.8,82.02
314,Saldanha,ZA,2021-05-29 00:43:42,-33.0117,17.9442,84,9,4.88,59.05
315,Birao,CF,2021-05-29 00:43:42,10.2849,22.7882,47,20,4.32,81.63
316,Honiara,SB,2021-05-29 00:43:42,-9.4333,159.95,84,100,1.52,80.1
317,Sioux Lookout,CA,2021-05-29 00:40:54,50.1001,-91.917,23,20,6.91,62.98
318,Upata,VE,2021-05-29 00:43:43,8.0086,-62.3989,86,15,4.92,78.19
319,Talcahuano,CL,2021-05-29 00:43:43,-36.7167,-73.1167,100,20,2.3,49.68
320,Malkangiri,IN,2021-05-29 00:43:43,18.35,81.9,51,9,0.89,85.73
321,Nakhodka,RU,2021-05-29 00:43:43,42.8333,132.8947,76,96,1.68,56.19
322,Cabo San Lucas,MX,2021-05-29 00:41:47,22.8909,-109.9124,56,97,12.15,98.51
323,Sampit,ID,2021-05-29 00:43:44,-2.5333,112.95,85,24,0.96,81.12
324,Dudinka,RU,2021-05-29 00:43:44,69.4058,86.1778,95,100,13.58,29.61
325,Labuhan,ID,2021-05-29 00:43:44,-6.8844,112.2051,81,99,6.6,81.55
326,Bougouni,ML,2021-05-29 00:43:45,11.417,-7.479,63,85,1.9,81.28
327,Orlik,RU,2021-05-29 00:43:45,52.5178,99.825,48,47,12.5,43.41
328,Morondava,MG,2021-05-29 00:43:45,-20.2833,44.2833,86,2,5.93,66.79
329,Teguldet,RU,2021-05-29 00:43:45,57.3064,88.1667,52,9,9.08,39.54
330,Kavaratti,IN,2021-05-29 00:43:46,10.5669,72.642,75,15,18.9,83.41
331,Westport,US,2021-05-29 00:41:37,41.1415,-73.3579,91,100,1.01,52.47
332,Karratha,AU,2021-05-29 00:43:46,-20.7377,116.8463,63,95,12.48,79.84
333,Belyy,RU,2021-05-29 00:43:46,55.8402,32.9419,86,80,5.03,49.14
334,Les Cayes,HT,2021-05-29 00:43:47,18.2,-73.75,83,9,2.75,77.2
335,Las Navas,PH,2021-05-29 00:43:47,12.3392,125.0313,61,81,2.59,88.97
336,Jacareacanga,BR,2021-05-29 00:43:47,-6.2222,-57.7528,67,97,2.26,74.48
337,General Teran,MX,2021-05-29 00:43:47,25.2667,-99.6833,40,94,6.67,88.68
338,Rio Gallegos,AR,2021-05-29 00:43:48,-51.6226,-69.2181,69,20,10.36,33.85
339,Aswan,EG,2021-05-29 00:43:48,24.0934,32.907,12,80,18.01,86.79
340,Le Vauclin,MQ,2021-05-29 00:43:48,14.5452,-60.8388,73,20,14.2,78.85
341,Kizukuri,JP,2021-05-29 00:43:49,40.8061,140.3861,64,99,7.83,68.11
342,San Felipe,VE,2021-05-29 00:43:49,10.3399,-68.7425,99,54,3.15,72.77
343,San Patricio,US,2021-05-29 00:43:49,28.017,-97.5169,85,8,14.81,83.12
344,Ulagan,RU,2021-05-29 00:43:49,50.6321,87.9563,77,58,2.82,47.44
345,Ancud,CL,2021-05-29 00:43:50,-41.8697,-73.8203,70,88,6.4,47.43
346,Taltal,CL,2021-05-29 00:43:50,-25.4,-70.4833,79,34,4.29,63.55
347,Zunyi,CN,2021-05-29 00:43:50,27.6867,106.9072,95,100,1.32,61.74
348,Olga,RU,2021-05-29 00:43:51,43.7444,135.2892,95,100,13.47,46.83
349,Sarangani,PH,2021-05-29 00:43:51,5.4033,125.4636,73,34,9.31,84.15
350,Kyzyl-Suu,KG,2021-05-29 00:43:51,42.3414,78.0056,61,48,1.34,57.78
351,Olivenza,ES,2021-05-29 00:43:51,38.6832,-7.103,60,1,3.53,70.21
352,Gull Lake,CA,2021-05-29 00:43:52,50.1001,-108.4847,34,33,21.21,62.96
353,Beni,CD,2021-05-29 00:43:52,0.5,29.4667,98,87,2.21,61.43
354,Ostersund,SE,2021-05-29 00:43:52,63.1792,14.6357,81,18,11.5,42.62
355,Cap-Aux-Meules,CA,2021-05-29 00:43:53,47.3821,-61.8597,70,20,17.27,42.85
356,Puerto Ayacucho,VE,2021-05-29 00:43:53,5.6639,-67.6236,90,90,3.62,76.84
357,Kyra,RU,2021-05-29 00:43:53,49.5776,111.9753,48,100,5.97,54.84
358,Luau,AO,2021-05-29 00:43:53,-10.7073,22.2247,46,13,5.19,53.85
359,Sao Jose Da Coroa Grande,BR,2021-05-29 00:43:54,-8.8978,-35.1478,79,72,10.71,76.87
360,Ahipara,NZ,2021-05-29 00:43:54,-35.1667,173.1667,76,82,17.31,57.9
361,Acapulco,MX,2021-05-29 00:41:09,16.8634,-99.8901,66,40,6.2,87.62
362,Nago,JP,2021-05-29 00:39:28,26.5881,127.9761,75,96,5.14,82.45
363,Husavik,IS,2021-05-29 00:43:55,66.0449,-17.3389,68,33,13.09,51.71
364,Kralendijk,BQ,2021-05-29 00:40:53,12.15,-68.2667,78,20,16.11,80.58
365,Mattru,SL,2021-05-29 00:43:55,7.6244,-11.8332,95,68,1.99,76.1
366,Ulaanbaatar,MN,2021-05-29 00:43:55,47.9077,106.8832,87,90,3.76,44.73
367,Palembang,ID,2021-05-29 00:42:27,-2.9167,104.7458,94,20,0.0,77.09
368,Laizhou,CN,2021-05-29 00:43:56,37.1717,119.9214,32,79,14.5,75.67
369,Berlevag,NO,2021-05-29 00:43:56,70.8578,29.0864,76,100,22.35,35.24
370,Boende,CD,2021-05-29 00:43:56,-0.2167,20.8667,92,52,1.9,71.69
371,Coxim,BR,2021-05-29 00:43:57,-18.5067,-54.76,49,85,5.01,77.27
372,Omboue,GA,2021-05-29 00:43:57,-1.5746,9.2618,94,98,2.82,75.74
373,Nanortalik,GL,2021-05-29 00:43:57,60.1432,-45.2371,96,100,7.72,35.8
374,Warsaw,PL,2021-05-29 00:41:28,52.2298,21.0118,85,0,1.01,50.85
375,Mayumba,GA,2021-05-29 00:43:58,-3.432,10.6554,89,93,6.17,76.39
376,Provideniya,RU,2021-05-29 00:43:58,64.3833,-173.3,37,9,10.54,46.65
377,Poum,NC,2021-05-29 00:43:59,-20.2333,164.0167,64,7,14.09,73.13
378,Lorengau,PG,2021-05-29 00:43:59,-2.0226,147.2712,80,100,10.74,83.32
379,Broome,US,2021-05-29 00:43:59,42.2506,-75.833,89,90,1.01,47.01
380,Kungurtug,RU,2021-05-29 00:43:59,50.5994,97.5228,65,8,2.17,47.3
381,Trairi,BR,2021-05-29 00:42:27,-3.2778,-39.2689,85,0,6.76,77.58
382,Parvatipuram,IN,2021-05-29 00:44:00,18.7833,83.4333,74,12,1.66,86.43
383,Cruzilia,BR,2021-05-29 00:44:00,-21.8386,-44.8083,72,74,1.1,63.27
384,Colac,AU,2021-05-29 00:44:00,-38.3333,143.5833,60,0,5.26,54.16
385,Coihaique,CL,2021-05-29 00:44:01,-45.5752,-72.0662,69,20,3.44,35.55
386,Urumqi,CN,2021-05-29 00:44:01,43.801,87.6005,40,0,4.12,70.75
387,Bichena,ET,2021-05-29 00:44:01,10.45,38.2,39,1,4.18,56.35
388,Tocopilla,CL,2021-05-29 00:44:02,-22.092,-70.1979,72,52,5.88,67.06
389,Izberbash,RU,2021-05-29 00:44:02,42.5696,47.8645,71,46,6.22,62.65
390,Asau,RO,2021-05-29 00:44:02,46.4333,26.4,94,100,2.08,56.39
391,Belmonte,BR,2021-05-29 00:44:03,-15.8631,-38.8828,84,7,5.01,77.5
392,Port Blair,IN,2021-05-29 00:42:18,11.6667,92.75,89,75,3.44,78.84
393,Adana,TR,2021-05-29 00:44:03,36.985,35.2881,93,40,0.0,70.81
394,Thinadhoo,MV,2021-05-29 00:44:03,0.5333,72.9333,74,100,19.73,83.39
395,Vanimo,PG,2021-05-29 00:44:04,-2.6741,141.3028,66,85,2.8,86.22
396,San Mateo Del Mar,MX,2021-05-29 00:44:04,16.2,-95.0,72,33,13.85,85.64
397,Nuzvid,IN,2021-05-29 00:43:07,16.7833,80.85,51,25,3.29,85.05
398,Onokhoy,RU,2021-05-29 00:44:04,51.932,108.0747,83,100,8.48,47.95
399,Coahuayana,MX,2021-05-29 00:44:05,18.7333,-103.6833,55,96,4.34,90.88
400,Mananara,MG,2021-05-29 00:44:05,-16.1667,49.7667,88,51,3.85,68.2
401,Marzuq,YE,2021-05-29 00:44:05,14.4,46.4667,33,100,4.65,76.75
402,Baculin,PH,2021-05-29 00:44:06,7.4525,126.5842,70,63,1.48,85.68
403,Hillsborough,US,2021-05-29 00:40:35,37.5741,-122.3794,71,75,21.85,79.83
404,Saint Anthony,US,2021-05-29 00:44:06,45.0205,-93.218,38,1,1.01,60.94
405,Wangqing,CN,2021-05-29 00:44:06,43.3218,129.7634,54,100,4.92,59.32
406,Kaeo,NZ,2021-05-29 00:44:07,-35.1,173.7833,96,100,13.85,56.32
407,Asosa,ET,2021-05-29 00:44:07,10.0667,34.5333,69,30,4.21,64.67
408,Boyolangu,ID,2021-05-29 00:44:07,-8.1181,111.8935,86,100,3.31,79.45
409,Mogadishu,SO,2021-05-29 00:42:05,2.0371,45.3438,79,98,14.2,78.51
410,Usinsk,RU,2021-05-29 00:44:08,65.9939,57.5281,79,100,20.33,45.41
411,La Reforma,MX,2021-05-29 00:44:08,25.0833,-108.05,45,13,9.08,93.74
412,Salinopolis,BR,2021-05-29 00:44:08,-0.6136,-47.3561,87,100,10.85,78.4
413,Whitehorse,CA,2021-05-29 00:40:59,60.7161,-135.0538,33,75,15.01,56.01
414,Chapada Dos Guimaraes,BR,2021-05-29 00:44:09,-15.4606,-55.7497,46,100,5.5,73.06
415,Upernavik,GL,2021-05-29 00:44:09,72.7868,-56.1549,93,100,8.39,31.12
416,Tura,IN,2021-05-29 00:44:09,25.5198,90.2201,89,20,3.91,77.56
417,Maxixe,MZ,2021-05-29 00:44:10,-23.8597,35.3472,76,0,10.31,62.83
418,San Ignacio,BZ,2021-05-29 00:44:10,17.1561,-89.0714,74,40,5.35,84.34
419,Nome,US,2021-05-29 00:44:10,64.5011,-165.4064,28,1,26.46,57.27
420,Itaqui,BR,2021-05-29 00:44:10,-29.1253,-56.5531,97,34,6.82,66.56
421,Tapes,BR,2021-05-29 00:44:11,-30.6733,-51.3958,98,100,8.28,61.36
422,Zhob,PK,2021-05-29 00:44:11,31.3411,69.4481,20,0,4.23,78.73
423,Dhidhdhoo,MV,2021-05-29 00:44:11,6.8833,73.1,72,48,21.05,83.71
424,Rahimatpur,IN,2021-05-29 00:44:12,17.6,74.2,84,100,5.68,75.06
425,Cap Malheureux,MU,2021-05-29 00:44:12,-19.9842,57.6142,78,93,4.0,74.46
426,Havre-Saint-Pierre,CA,2021-05-29 00:44:12,50.2334,-63.5986,45,1,23.02,44.96
427,Anadyr,RU,2021-05-29 00:44:12,64.75,177.4833,48,0,8.01,45.1
428,Lavrentiya,RU,2021-05-29 00:44:13,65.5833,-171.0,83,7,11.81,33.98
429,Chapais,CA,2021-05-29 00:44:13,49.7834,-74.8492,46,5,5.41,44.38
430,Wewak,PG,2021-05-29 00:44:13,-3.5534,143.6268,73,95,4.97,84.74
431,Arbagar,RU,2021-05-29 00:44:14,51.9438,116.2805,43,97,3.98,60.42
432,Zempoala,MX,2021-05-29 00:44:14,19.45,-96.4167,77,100,4.52,85.91
433,Stepnyak,KZ,2021-05-29 00:44:14,52.8339,70.7803,50,0,4.81,57.11
434,Saurimo,AO,2021-05-29 00:44:15,-9.6608,20.3916,44,91,5.26,58.08
435,Linfen,CN,2021-05-29 00:44:15,36.0889,111.5189,21,87,5.79,79.34
436,Bambous Virieux,MU,2021-05-29 00:44:15,-20.3428,57.7575,94,75,8.72,74.21
437,Bose,IT,2021-05-29 00:44:15,45.4612,8.0137,68,91,3.67,62.13
438,Barcelos,PT,2021-05-29 00:44:16,41.5388,-8.6151,92,9,2.53,60.85
439,Tezu,IN,2021-05-29 00:44:16,27.9167,96.1667,81,76,0.22,80.2
440,Waipawa,NZ,2021-05-29 00:44:16,-41.4122,175.5153,66,100,11.27,56.03
441,Gannan,CN,2021-05-29 00:44:17,47.9147,123.5031,43,100,6.85,64.13
442,Drezdenko,PL,2021-05-29 00:44:17,52.8383,15.8308,95,18,5.06,48.63
443,Oranjemund,NA,2021-05-29 00:44:17,-28.55,16.4333,88,46,9.55,57.49
444,Porbandar,IN,2021-05-29 00:44:18,21.6422,69.6093,74,38,11.21,83.1
445,Okhotsk,RU,2021-05-29 00:44:18,59.3833,143.3,78,98,13.2,40.98
446,Mao,ES,2021-05-29 00:44:18,39.8885,4.2658,88,0,5.75,63.16
447,Tual,ID,2021-05-29 00:44:18,-5.6667,132.75,79,29,22.3,81.3
448,Fortuna,US,2021-05-29 00:44:19,40.5982,-124.1573,67,20,3.0,63.93
449,Nizwa,OM,2021-05-29 00:44:19,22.9333,57.5333,22,65,3.15,82.81
450,Siwan,IN,2021-05-29 00:44:19,26.2167,84.3667,86,48,11.56,77.31
451,Minnedosa,CA,2021-05-29 00:44:20,50.2453,-99.8436,49,100,15.68,63.16
452,Santa Maria,BR,2021-05-29 00:44:20,-29.6842,-53.8069,100,90,2.04,60.1
453,Taoudenni,ML,2021-05-29 00:44:20,22.6783,-3.9836,6,90,7.92,97.2
454,Lebedinyy,RU,2021-05-29 00:44:20,58.5167,125.5167,59,41,1.66,52.34
455,Boyle,US,2021-05-29 00:44:21,37.6334,-84.8666,78,90,8.43,70.02
456,Oktyabrskiy,RU,2021-05-29 00:44:21,54.4815,53.471,72,88,3.62,60.3
457,Saint-Francois,FR,2021-05-29 00:44:21,46.4154,3.9054,83,0,0.0,54.68
458,Rodrigues Alves,BR,2021-05-29 00:44:22,-7.738,-72.6509,77,100,2.04,78.15
459,Lovington,US,2021-05-29 00:44:22,32.944,-103.3485,62,100,4.0,78.64
460,Batagay-Alyta,RU,2021-05-29 00:44:22,67.8006,130.4114,63,29,20.38,47.5
461,Tetouan,MA,2021-05-29 00:41:18,35.5711,-5.3724,94,40,8.05,68.88
462,Padang,ID,2021-05-29 00:40:14,-0.9492,100.3543,91,100,4.29,73.45
463,Broken Hill,AU,2021-05-29 00:44:23,-31.95,141.4333,66,100,11.5,47.91
464,Lahaina,US,2021-05-29 00:44:23,20.8783,-156.6825,67,15,6.89,87.8
465,Benguela,AO,2021-05-29 00:44:23,-12.5763,13.4055,60,6,5.88,74.01
466,Gazojak,TM,2021-05-29 00:44:24,41.1875,61.4036,29,0,8.55,82.58
467,Grand Forks,US,2021-05-29 00:44:24,47.9417,-97.4337,14,1,19.57,64.33
468,Nosy Varika,MG,2021-05-29 00:44:24,-20.5833,48.5333,89,13,5.23,66.54
469,Biloela,AU,2021-05-29 00:44:24,-24.4167,150.5,38,100,13.27,69.73
470,Sechura,PE,2021-05-29 00:44:25,-5.5569,-80.8222,80,35,14.07,71.24
471,Portovelo,EC,2021-05-29 00:44:25,-3.7167,-79.6167,98,97,0.69,70.81
472,Vila Franca Do Campo,PT,2021-05-29 00:44:25,37.7167,-25.4333,74,100,4.68,57.61
473,Otwock,PL,2021-05-29 00:44:26,52.1058,21.2613,81,100,5.68,51.1
474,Flin Flon,CA,2021-05-29 00:44:26,54.7682,-101.865,68,100,12.21,59.95
475,Dickinson,US,2021-05-29 00:41:01,29.4608,-95.0513,77,75,6.15,84.42
476,Manokwari,ID,2021-05-29 00:44:26,-0.8667,134.0833,74,97,3.89,83.23
477,Beringovskiy,RU,2021-05-29 00:44:26,63.05,179.3167,85,12,13.56,33.22
478,Marfino,RU,2021-05-29 00:44:27,55.7028,37.3822,88,0,4.36,60.94
479,Linhares,BR,2021-05-29 00:44:27,-19.3911,-40.0722,97,78,3.06,69.78
480,Lethem,GY,2021-05-29 00:44:27,3.3803,-59.7968,90,98,5.28,75.97
481,Muros,ES,2021-05-29 00:44:28,42.7762,-9.0603,87,4,7.72,60.24
482,Quatre Cocos,MU,2021-05-29 00:44:28,-20.2078,57.7625,85,100,9.6,74.08
483,Tutoia,BR,2021-05-29 00:44:28,-2.7619,-42.2744,85,95,8.08,78.58
484,Piacabucu,BR,2021-05-29 00:44:29,-10.4056,-36.4344,65,89,7.99,77.99
485,Koroni,GR,2021-05-29 00:44:29,36.8,21.95,61,22,7.63,69.08
486,Freeport,US,2021-05-29 00:40:56,40.6576,-73.5832,91,90,10.0,52.97
487,La Ronge,CA,2021-05-29 00:44:29,55.1001,-105.2842,51,75,13.8,62.82
488,Chakwal,PK,2021-05-29 00:44:30,32.9334,72.8585,19,0,5.17,86.4
489,Ust-Kut,RU,2021-05-29 00:44:30,56.7938,105.7672,86,100,9.33,40.62
490,Toshkivka,UA,2021-05-29 00:44:30,48.7791,38.579,98,55,3.02,58.96
491,Praia Da Vitoria,PT,2021-05-29 00:44:30,38.7333,-27.0667,82,20,5.91,61.05
492,Novoagansk,RU,2021-05-29 00:44:31,61.9449,76.6625,51,33,5.39,40.17
493,Talnakh,RU,2021-05-29 00:44:31,69.4865,88.3972,98,100,9.73,32.47
494,Narsaq,GL,2021-05-29 00:44:31,60.9167,-46.05,61,1,5.39,50.22
495,Mindelo,CV,2021-05-29 00:44:32,16.8901,-24.9804,68,20,16.67,72.95
496,Cherskiy,RU,2021-05-29 00:44:32,68.75,161.3,32,60,15.77,56.53
497,Codrington,AU,2021-05-29 00:44:32,-38.2667,141.9667,66,2,4.09,51.62
498,Sattahip,TH,2021-05-29 00:44:32,12.6664,100.9007,94,40,11.99,85.91
499,Cockburn Town,TC,2021-05-29 00:44:33,21.4612,-71.1419,73,40,11.5,78.76
500,Kapit,MY,2021-05-29 00:44:33,2.0167,112.9333,86,98,0.56,80.62
501,Tula,RU,2021-05-29 00:44:33,54.2044,37.6111,95,32,2.86,58.59
502,Kalach-Na-Donu,RU,2021-05-29 00:44:34,48.691,43.5264,59,100,6.78,66.02
503,Jodhpur,IN,2021-05-29 00:44:34,26.2867,73.03,54,4,16.58,85.93
504,Xiaoweizhai,CN,2021-05-29 00:44:34,26.1903,107.5125,90,100,2.73,66.78
505,Dagestanskiye Ogni,RU,2021-05-29 00:44:35,42.1159,48.192,70,58,2.66,65.86
506,Dodge City,US,2021-05-29 00:44:35,37.7528,-100.0171,49,1,7.0,74.71
507,Sola,VU,2021-05-29 00:44:35,-13.8833,167.55,68,52,10.92,77.58
508,Lakkion,GR,2021-05-29 00:44:36,37.1333,26.85,76,0,19.62,67.5
509,Wuda,CN,2021-05-29 00:44:36,39.4994,106.7117,13,81,23.04,82.27
510,Mantua,IT,2021-05-29 00:44:36,45.1667,10.7833,75,23,1.99,65.35
511,Axim,GH,2021-05-29 00:44:37,4.8699,-2.2405,87,91,7.05,79.97
512,Malm,NO,2021-05-29 00:44:37,64.0721,11.2172,89,19,1.14,44.8
513,Alugan,PH,2021-05-29 00:44:37,12.2188,125.4808,72,21,2.3,84.79
514,Zonguldak,TR,2021-05-29 00:44:37,41.25,31.8333,96,100,3.24,52.02
515,Lembeni,TZ,2021-05-29 00:44:38,-3.7833,37.6167,91,79,3.02,63.03
516,Bathsheba,BB,2021-05-29 00:44:38,13.2167,-59.5167,65,40,13.67,79.41
517,Durazno,UY,2021-05-29 00:44:38,-33.4131,-56.5006,77,0,10.29,51.51
518,Mercedes,AR,2021-05-29 00:44:38,-34.6515,-59.4307,70,93,7.52,56.01
519,Los Llanos De Aridane,ES,2021-05-29 00:44:39,28.6585,-17.9182,87,0,11.12,62.35
520,Ovsyanka,RU,2021-05-29 00:44:39,55.9575,92.5519,85,100,7.56,40.17
521,Wajima,JP,2021-05-29 00:44:39,37.4,136.9,77,75,20.96,68.68
522,Luwuk,ID,2021-05-29 00:44:40,-0.9516,122.7875,74,30,6.8,83.8
523,Alizai,PK,2021-05-29 00:44:40,33.5383,70.3462,36,0,3.06,78.26
524,Monywa,MM,2021-05-29 00:44:40,22.1167,95.1333,46,12,11.61,91.08
525,Amazar,RU,2021-05-29 00:44:40,53.858,120.875,49,55,5.32,58.41
526,Ipixuna,BR,2021-05-29 00:44:41,-1.7625,-48.8043,97,86,4.05,80.55
527,Kurkino,RU,2021-05-29 00:44:41,53.4257,38.6582,88,82,3.04,58.41
528,Wonthaggi,AU,2021-05-29 00:44:41,-38.6044,145.5913,59,3,4.07,54.19
529,Yuli,NG,2021-05-29 00:44:42,9.6989,10.2744,60,98,5.1,82.22
530,Gushikawa,JP,2021-05-29 00:44:20,26.3544,127.8686,76,90,6.73,81.63
531,San Blas,MX,2021-05-29 00:44:42,21.5167,-105.2667,70,0,4.0,94.89
532,Beni Mazar,EG,2021-05-29 00:44:42,28.4962,30.8029,43,0,7.74,73.04
533,Inhambane,MZ,2021-05-29 00:44:42,-23.865,35.3833,74,0,11.61,64.33
534,Trat,TH,2021-05-29 00:44:43,12.5,102.5,86,89,4.88,86.83
535,Vammala,FI,2021-05-29 00:44:43,61.3333,22.9,82,2,5.64,44.04
536,Wenling,CN,2021-05-29 00:44:43,28.3669,121.36,86,100,1.39,70.39
537,Inuvik,CA,2021-05-29 00:44:44,68.3499,-133.7218,64,90,11.5,33.01
538,Rocha,UY,2021-05-29 00:44:44,-34.4833,-54.3333,87,64,10.27,54.95
539,Vrangel,RU,2021-05-29 00:44:44,42.7297,133.0839,85,99,2.24,52.84
540,Kenai,US,2021-05-29 00:44:44,60.5544,-151.2583,90,90,9.22,51.03
541,Acajutla,SV,2021-05-29 00:44:45,13.5928,-89.8275,79,79,6.6,81.68
542,Moindou,NC,2021-05-29 00:44:45,-21.6924,165.677,66,56,12.46,75.15
543,Kafanchan,NG,2021-05-29 00:44:45,9.5833,8.3,80,100,2.35,73.18
544,Gritsovskiy,RU,2021-05-29 00:44:46,54.1376,38.1604,93,3,3.78,57.9
545,Contamana,PE,2021-05-29 00:44:46,-7.3333,-75.0167,75,85,2.64,78.42
546,Ballina,AU,2021-05-29 00:44:46,-28.8667,153.5667,62,90,13.8,60.98
547,Mbour,SN,2021-05-29 00:44:47,14.422,-16.9638,75,5,12.15,71.69
548,Vikulovo,RU,2021-05-29 00:44:47,56.8167,70.6107,69,100,6.64,55.2
549,Antofagasta,CL,2021-05-29 00:44:47,-23.65,-70.4,78,10,2.17,60.08
550,Dogondoutchi,NE,2021-05-29 00:44:47,13.6393,4.0287,24,100,2.26,86.45
551,Presidencia Roque Saenz Pena,AR,2021-05-29 00:44:48,-26.7852,-60.4388,79,0,5.37,70.92
552,Flinders,AU,2021-05-29 00:44:48,-34.5833,150.8552,57,63,8.99,57.2
553,Russell,US,2021-05-29 00:44:48,32.3502,-85.1999,54,75,7.54,83.8
554,Isangel,VU,2021-05-29 00:44:49,-19.55,169.2667,67,97,8.1,75.04
555,Umarkot,PK,2021-05-29 00:44:49,25.3616,69.7362,84,22,16.42,81.81
556,Kearney,US,2021-05-29 00:40:05,40.6995,-99.0815,71,90,12.66,59.56
557,Barreirinhas,BR,2021-05-29 00:44:49,-2.7469,-42.8264,87,20,4.36,76.5
558,Jamame,SO,2021-05-29 00:44:50,0.0722,42.7506,83,100,7.87,74.95
559,Miracema Do Tocantins,BR,2021-05-29 00:44:50,-9.5618,-48.3967,58,99,0.34,74.52
560,Metu,ET,2021-05-29 00:44:50,8.3,35.5833,97,95,3.24,57.88
561,Parabel,RU,2021-05-29 00:44:50,58.6978,81.4825,54,5,6.71,39.2
562,Locri,IT,2021-05-29 00:44:51,38.2414,16.2623,61,100,4.97,67.32
563,Yatou,CN,2021-05-29 00:44:51,37.15,122.3833,54,86,13.06,69.55
564,Pochutla,MX,2021-05-29 00:44:51,15.7432,-96.4661,71,100,3.15,82.22
565,Port Hardy,CA,2021-05-29 00:44:51,50.6996,-127.4199,76,75,11.5,51.98
566,Basco,PH,2021-05-29 00:44:52,20.4487,121.9702,73,97,9.71,84.56
567,Tiznit,MA,2021-05-29 00:44:52,29.5833,-9.5,78,100,2.26,64.51
568,Bull Savanna,JM,2021-05-29 00:44:52,17.8868,-77.5902,81,18,1.21,75.78
569,Ukiah,US,2021-05-29 00:44:53,39.1502,-123.2078,23,1,10.36,86.02
570,Aksu,CN,2021-05-29 00:44:53,41.1231,80.2644,23,6,3.91,76.69
